timestamp,best_bid,best_ask,mid,bid_quote,ask_quote,imbalance,inventory,cash,pnl
2025-12-30T11:49:53.509065,9987.0,9989.0,9988.0,9986.0,9990.0,0.3136,0,0.0,0.0
2025-12-30T11:49:53.821974,9993.0,9995.0,9994.0,9992.0,9996.0,0.25,0,0.0,0.0
2025-12-30T11:49:54.128701,9983.0,9985.0,9984.0,9982.0,9986.0,-0.123,0,0.0,0.0
2025-12-30T11:49:54.448369,9998.0,10000.0,9999.0,9997.0,10001.0,0.152,0,0.0,0.0
2025-12-30T11:49:54.776279,9982.0,9986.0,9984.0,9982.0,9986.0,-0.1812,0,0.0,0.0
2025-12-30T11:49:55.076496,9996.0,9998.0,9997.0,9995.0,9999.0,0.2222,0,0.0,0.0
2025-12-30T11:49:55.386554,10001.0,10005.0,10003.0,10001.0,10005.0,-0.0929,1,-10001.0,2.0
2025-12-30T11:49:55.687763,10017.0,10021.0,10019.0,10017.0,10021.0,0.1006,2,-20018.0,20.0
2025-12-30T11:49:55.995000,9979.0,9981.0,9980.0,9978.0,9982.0,-0.1462,2,-20018.0,-58.0
2025-12-30T11:49:56.309798,10016.0,10020.0,10018.0,10016.0,10020.0,0.0135,2,-20018.0,18.0
2025-12-30T11:49:56.624376,9984.0,9988.0,9986.0,9984.0,9988.0,0.0783,3,-30002.0,-44.0
2025-12-30T11:49:56.935534,10000.0,10002.0,10001.0,9999.0,10003.0,0.0977,3,-30002.0,1.0
2025-12-30T11:49:57.238828,10004.0,10006.0,10005.0,10003.0,10007.0,0.2218,3,-30002.0,13.0
2025-12-30T11:49:57.548837,10014.0,10018.0,10016.0,10014.0,10018.0,-0.1778,3,-30002.0,46.0
2025-12-30T11:49:57.853122,9979.0,9981.0,9980.0,9978.0,9982.0,-0.2752,3,-30002.0,-62.0
2025-12-30T11:49:58.166743,10011.0,10013.0,10012.0,10010.0,10014.0,-0.2768,3,-30002.0,34.0
2025-12-30T11:49:58.495356,9984.0,9988.0,9986.0,9984.0,9988.0,-0.181,3,-30002.0,-44.0
2025-12-30T11:49:58.822497,10006.0,10010.0,10008.0,10006.0,10010.0,-0.1726,3,-30002.0,22.0
2025-12-30T11:49:59.138207,10008.0,10010.0,10009.0,10007.0,10011.0,-0.0539,3,-30002.0,25.0
2025-12-30T11:49:59.448086,9979.0,9981.0,9980.0,9978.0,9982.0,0.4047,3,-30002.0,-62.0
2025-12-30T11:49:59.750471,10000.0,10002.0,10001.0,9999.0,10003.0,0.252,3,-30002.0,1.0
2025-12-30T11:50:00.051032,10010.0,10012.0,10011.0,10009.0,10013.0,0.2035,3,-30002.0,31.0
2025-12-30T11:50:00.353856,10011.0,10013.0,10012.0,10010.0,10014.0,0.1096,3,-30002.0,34.0
2025-12-30T11:50:00.655552,9995.0,9999.0,9997.0,9995.0,9999.0,-0.1282,3,-30002.0,-11.0
2025-12-30T11:50:00.966342,9995.0,9997.0,9996.0,9994.0,9998.0,-0.5444,3,-30002.0,-14.0
2025-12-30T11:50:01.277922,10015.0,10017.0,10016.0,10014.0,10018.0,-0.0598,3,-30002.0,46.0
2025-12-30T11:50:01.590288,9985.0,9989.0,9987.0,9985.0,9989.0,-0.0428,3,-30002.0,-41.0
2025-12-30T11:50:01.900211,10015.0,10017.0,10016.0,10014.0,10018.0,-0.0476,3,-30002.0,46.0
2025-12-30T11:50:02.214092,9983.0,9987.0,9985.0,9983.0,9987.0,-0.0971,3,-30002.0,-47.0
2025-12-30T11:50:02.514477,10014.0,10016.0,10015.0,10013.0,10017.0,-0.1805,3,-30002.0,43.0
2025-12-30T11:50:02.826393,10008.0,10012.0,10010.0,10008.0,10012.0,-0.1919,3,-30002.0,28.0
2025-12-30T11:50:03.138709,10018.0,10022.0,10020.0,10018.0,10022.0,0.3725,3,-30002.0,58.0
2025-12-30T11:50:03.447974,9983.0,9987.0,9985.0,9983.0,9987.0,0.4309,4,-39985.0,-45.0
2025-12-30T11:50:03.751102,10007.0,10011.0,10009.0,10007.0,10011.0,0.4048,4,-39985.0,51.0
2025-12-30T11:50:04.057458,9981.0,9983.0,9982.0,9980.0,9984.0,-0.2297,4,-39985.0,-57.0
2025-12-30T11:50:04.370910,9997.0,10001.0,9999.0,9997.0,10001.0,-0.1481,4,-39985.0,11.0
2025-12-30T11:50:04.675852,10017.0,10019.0,10018.0,10016.0,10020.0,0.1545,4,-39985.0,87.0
2025-12-30T11:50:04.976619,10010.0,10014.0,10012.0,10010.0,10014.0,-0.0654,4,-39985.0,63.0
2025-12-30T11:50:05.279383,10014.0,10016.0,10015.0,10013.0,10017.0,0.321,4,-39985.0,75.0
2025-12-30T11:50:05.582070,10018.0,10020.0,10019.0,10017.0,10021.0,0.4715,4,-39985.0,91.0
2025-12-30T11:50:05.882564,9999.0,10003.0,10001.0,9999.0,10003.0,-0.2206,4,-39985.0,19.0
2025-12-30T11:50:06.186386,10013.0,10017.0,10015.0,10013.0,10017.0,0.3258,4,-39985.0,75.0
2025-12-30T11:50:06.496056,9982.0,9986.0,9984.0,9982.0,9986.0,-0.1981,4,-39985.0,-49.0
2025-12-30T11:50:06.799314,10014.0,10016.0,10015.0,10013.0,10017.0,0.0551,4,-39985.0,75.0
2025-12-30T11:50:07.103523,9999.0,10001.0,10000.0,9998.0,10002.0,-0.3362,4,-39985.0,15.0
2025-12-30T11:50:07.407579,9989.0,9991.0,9990.0,9988.0,9992.0,0.1707,4,-39985.0,-25.0
2025-12-30T11:50:07.711337,9991.0,9995.0,9993.0,9991.0,9995.0,0.3922,5,-49976.0,-11.0
2025-12-30T11:50:08.026581,9992.0,9994.0,9993.0,9991.0,9995.0,-0.155,5,-49976.0,-11.0
2025-12-30T11:50:08.339670,9983.0,9987.0,9985.0,9983.0,9987.0,0.1906,5,-49976.0,-51.0
2025-12-30T11:50:08.652227,9993.0,9995.0,9994.0,9992.0,9996.0,-0.1088,5,-49976.0,-6.0
2025-12-30T11:50:08.967200,9986.0,9988.0,9987.0,9985.0,9989.0,-0.0231,5,-49976.0,-41.0
2025-12-30T11:50:09.268964,10017.0,10019.0,10018.0,10016.0,10020.0,0.1368,5,-49976.0,114.0
2025-12-30T11:50:09.574098,9999.0,10003.0,10001.0,9999.0,10003.0,-0.215,6,-59975.0,31.0
2025-12-30T11:50:09.874408,10005.0,10007.0,10006.0,10004.0,10008.0,-0.3974,6,-59975.0,61.0
2025-12-30T11:50:10.181879,10014.0,10018.0,10016.0,10014.0,10018.0,-0.1521,7,-69989.0,123.0
2025-12-30T11:50:10.486898,9995.0,9997.0,9996.0,9994.0,9998.0,0.246,7,-69989.0,-17.0
2025-12-30T11:50:10.789882,9996.0,10000.0,9998.0,9996.0,10000.0,0.1129,8,-79985.0,-1.0
2025-12-30T11:50:11.091418,10010.0,10014.0,10012.0,10010.0,10014.0,-0.096,8,-79985.0,111.0
2025-12-30T11:50:11.397038,10017.0,10021.0,10019.0,10017.0,10021.0,-0.1068,8,-79985.0,167.0
2025-12-30T11:50:11.698151,9988.0,9992.0,9990.0,9988.0,9992.0,-0.0694,8,-79985.0,-65.0
2025-12-30T11:50:12.011263,9999.0,10003.0,10001.0,9999.0,10003.0,0.0056,8,-79985.0,23.0
2025-12-30T11:50:12.313079,10012.0,10014.0,10013.0,10011.0,10015.0,0.0689,8,-79985.0,119.0
2025-12-30T11:50:12.623949,10011.0,10015.0,10013.0,10011.0,10015.0,-0.2794,8,-79985.0,119.0
2025-12-30T11:50:12.943852,9990.0,9994.0,9992.0,9990.0,9994.0,0.2318,9,-89975.0,-47.0
2025-12-30T11:50:13.253294,9996.0,10000.0,9998.0,9996.0,10000.0,-0.0278,9,-89975.0,7.0
2025-12-30T11:50:13.567811,9980.0,9984.0,9982.0,9980.0,9984.0,-0.1751,9,-89975.0,-137.0
2025-12-30T11:50:13.872024,9990.0,9994.0,9992.0,9990.0,9994.0,0.1845,9,-89975.0,-47.0
2025-12-30T11:50:14.173096,9992.0,9994.0,9993.0,9991.0,9995.0,-0.0403,9,-89975.0,-38.0
2025-12-30T11:50:14.494545,10017.0,10021.0,10019.0,10017.0,10021.0,-0.0191,9,-89975.0,196.0
2025-12-30T11:50:14.803034,10002.0,10006.0,10004.0,10002.0,10006.0,0.1919,9,-89975.0,61.0
2025-12-30T11:50:15.105291,9986.0,9990.0,9988.0,9986.0,9990.0,0.1739,10,-99961.0,-81.0
2025-12-30T11:50:15.416744,10009.0,10011.0,10010.0,10008.0,10012.0,-0.3357,10,-99961.0,139.0
2025-12-30T11:50:15.724781,9993.0,9997.0,9995.0,9993.0,9997.0,-0.2125,10,-99961.0,-11.0
2025-12-30T11:50:16.029609,10011.0,10013.0,10012.0,10010.0,10014.0,-0.008,10,-99961.0,159.0
2025-12-30T11:50:16.338331,9997.0,10001.0,9999.0,9997.0,10001.0,0.0179,10,-99961.0,29.0
2025-12-30T11:50:16.639326,9989.0,9991.0,9990.0,9988.0,9992.0,0.2448,10,-99961.0,-61.0
2025-12-30T11:50:16.949873,9994.0,9996.0,9995.0,9993.0,9997.0,0.3664,10,-99961.0,-11.0
2025-12-30T11:50:17.250580,9986.0,9988.0,9987.0,9985.0,9989.0,-0.1592,10,-99961.0,-91.0
2025-12-30T11:50:17.557269,9991.0,9995.0,9993.0,9991.0,9995.0,-0.0236,10,-99961.0,-31.0
2025-12-30T11:50:17.857294,9990.0,9994.0,9992.0,9990.0,9994.0,-0.0696,10,-99961.0,-41.0
2025-12-30T11:50:18.167043,10001.0,10003.0,10002.0,10000.0,10004.0,-0.124,10,-99961.0,59.0
2025-12-30T11:50:18.481835,9988.0,9992.0,9990.0,9988.0,9992.0,-0.383,9,-89969.0,-59.0
2025-12-30T11:50:18.795262,10008.0,10012.0,10010.0,10008.0,10012.0,-0.3436,9,-89969.0,121.0
2025-12-30T11:50:19.106033,10002.0,10004.0,10003.0,10001.0,10005.0,0.1096,9,-89969.0,58.0
2025-12-30T11:50:19.406331,9980.0,9982.0,9981.0,9979.0,9983.0,-0.0826,9,-89969.0,-140.0
2025-12-30T11:50:19.713799,9985.0,9989.0,9987.0,9985.0,9989.0,-0.2342,10,-99954.0,-84.0
2025-12-30T11:50:20.015714,10000.0,10002.0,10001.0,9999.0,10003.0,-0.5,10,-99954.0,56.0
2025-12-30T11:50:20.324760,9982.0,9984.0,9983.0,9981.0,9985.0,-0.1722,10,-99954.0,-124.0
2025-12-30T11:50:20.637932,10011.0,10015.0,10013.0,10011.0,10015.0,-0.2867,10,-99954.0,176.0
2025-12-30T11:50:20.953760,10013.0,10017.0,10015.0,10013.0,10017.0,-0.125,10,-99954.0,196.0
2025-12-30T11:50:21.261068,10010.0,10012.0,10011.0,10009.0,10013.0,0.5833,10,-99954.0,156.0
2025-12-30T11:50:21.573129,9989.0,9991.0,9990.0,9988.0,9992.0,0.2342,10,-99954.0,-54.0
2025-12-30T11:50:21.901929,9994.0,9998.0,9996.0,9994.0,9998.0,0.1111,10,-99954.0,6.0
2025-12-30T11:50:22.229447,10014.0,10018.0,10016.0,10014.0,10018.0,-0.5508,10,-99954.0,206.0
2025-12-30T11:50:22.530174,10006.0,10010.0,10008.0,10006.0,10010.0,-0.1673,10,-99954.0,126.0
2025-12-30T11:50:22.842449,9993.0,9995.0,9994.0,9992.0,9996.0,0.284,10,-99954.0,-14.0
2025-12-30T11:50:23.153911,9987.0,9991.0,9989.0,9987.0,9991.0,0.2806,10,-99954.0,-64.0
2025-12-30T11:50:23.465414,10006.0,10008.0,10007.0,10005.0,10009.0,0.4122,10,-99954.0,116.0
2025-12-30T11:50:23.768099,10013.0,10015.0,10014.0,10012.0,10016.0,0.055,10,-99954.0,186.0
2025-12-30T11:50:24.089092,9985.0,9987.0,9986.0,9984.0,9988.0,-0.1585,10,-99954.0,-94.0
2025-12-30T11:50:24.389584,9985.0,9989.0,9987.0,9985.0,9989.0,-0.3636,10,-99954.0,-84.0
2025-12-30T11:50:24.698448,10018.0,10022.0,10020.0,10018.0,10022.0,-0.2903,9,-89932.0,248.0
2025-12-30T11:50:25.003291,9985.0,9989.0,9987.0,9985.0,9989.0,0.4517,9,-89932.0,-49.0
2025-12-30T11:50:25.303841,10017.0,10021.0,10019.0,10017.0,10021.0,-0.0056,9,-89932.0,239.0
2025-12-30T11:50:25.604844,9997.0,10001.0,9999.0,9997.0,10001.0,-0.2797,9,-89932.0,59.0
2025-12-30T11:50:25.912509,9981.0,9985.0,9983.0,9981.0,9985.0,0.0091,9,-89932.0,-85.0
2025-12-30T11:50:26.226077,10009.0,10011.0,10010.0,10008.0,10012.0,-0.007,9,-89932.0,158.0
2025-12-30T11:50:26.530749,9995.0,9997.0,9996.0,9994.0,9998.0,0.2656,9,-89932.0,32.0
2025-12-30T11:50:26.843216,10007.0,10011.0,10009.0,10007.0,10011.0,-0.4498,10,-99939.0,151.0
2025-12-30T11:50:27.152785,9978.0,9982.0,9980.0,9978.0,9982.0,0.0376,10,-99939.0,-139.0
2025-12-30T11:50:27.462910,9989.0,9991.0,9990.0,9988.0,9992.0,0.233,10,-99939.0,-39.0
2025-12-30T11:50:27.775836,10018.0,10022.0,10020.0,10018.0,10022.0,-0.2563,10,-99939.0,261.0
2025-12-30T11:50:28.101940,10003.0,10007.0,10005.0,10003.0,10007.0,0.4942,10,-99939.0,111.0
2025-12-30T11:50:28.417789,9988.0,9992.0,9990.0,9988.0,9992.0,0.0719,10,-99939.0,-39.0
2025-12-30T11:50:28.744523,9993.0,9997.0,9995.0,9993.0,9997.0,-0.3358,9,-89942.0,13.0
2025-12-30T11:50:29.045754,10013.0,10017.0,10015.0,10013.0,10017.0,0.1932,9,-89942.0,193.0
2025-12-30T11:50:29.355264,9985.0,9989.0,9987.0,9985.0,9989.0,-0.0275,9,-89942.0,-59.0
2025-12-30T11:50:29.658441,9981.0,9983.0,9982.0,9980.0,9984.0,0.1743,9,-89942.0,-104.0
2025-12-30T11:50:29.964772,10016.0,10018.0,10017.0,10015.0,10019.0,0.0082,9,-89942.0,211.0
2025-12-30T11:50:30.266449,10004.0,10006.0,10005.0,10003.0,10007.0,0.4924,9,-89942.0,103.0
2025-12-30T11:50:30.570238,10001.0,10003.0,10002.0,10000.0,10004.0,0.2217,9,-89942.0,76.0
2025-12-30T11:50:30.871927,10007.0,10009.0,10008.0,10006.0,10010.0,-0.0065,9,-89942.0,130.0
2025-12-30T11:50:31.186895,9994.0,9998.0,9996.0,9994.0,9998.0,-0.0313,9,-89942.0,22.0
2025-12-30T11:50:31.498229,10012.0,10016.0,10014.0,10012.0,10016.0,-0.1185,9,-89942.0,184.0
2025-12-30T11:50:31.808634,10013.0,10015.0,10014.0,10012.0,10016.0,0.4655,9,-89942.0,184.0
2025-12-30T11:50:32.137247,9982.0,9986.0,9984.0,9982.0,9986.0,-0.1848,9,-89942.0,-86.0
2025-12-30T11:50:32.440906,9982.0,9986.0,9984.0,9982.0,9986.0,-0.581,10,-99924.0,-84.0
2025-12-30T11:50:32.749351,10003.0,10005.0,10004.0,10002.0,10006.0,0.3934,10,-99924.0,116.0
2025-12-30T11:50:33.057601,9987.0,9991.0,9989.0,9987.0,9991.0,0.0303,9,-89933.0,-32.0
2025-12-30T11:50:33.373833,9989.0,9993.0,9991.0,9989.0,9993.0,0.0919,9,-89933.0,-14.0
2025-12-30T11:50:33.679507,9996.0,9998.0,9997.0,9995.0,9999.0,-0.2677,9,-89933.0,40.0
2025-12-30T11:50:33.986622,10017.0,10019.0,10018.0,10016.0,10020.0,0.4196,9,-89933.0,229.0
2025-12-30T11:50:34.295718,10001.0,10003.0,10002.0,10000.0,10004.0,0.4337,9,-89933.0,85.0
2025-12-30T11:50:34.605601,10008.0,10012.0,10010.0,10008.0,10012.0,-0.0064,9,-89933.0,157.0
2025-12-30T11:50:34.905690,10017.0,10021.0,10019.0,10017.0,10021.0,0.2895,9,-89933.0,238.0
2025-12-30T11:50:35.215887,9989.0,9991.0,9990.0,9988.0,9992.0,0.4846,9,-89933.0,-23.0
2025-12-30T11:50:35.526951,10000.0,10002.0,10001.0,9999.0,10003.0,-0.4174,9,-89933.0,76.0
2025-12-30T11:50:35.833025,9988.0,9992.0,9990.0,9988.0,9992.0,0.0692,9,-89933.0,-23.0
2025-12-30T11:50:36.146855,10015.0,10019.0,10017.0,10015.0,10019.0,0.2124,9,-89933.0,220.0
2025-12-30T11:50:36.467676,10001.0,10003.0,10002.0,10000.0,10004.0,0.1512,9,-89933.0,85.0
2025-12-30T11:50:36.768596,10018.0,10020.0,10019.0,10017.0,10021.0,-0.0325,9,-89933.0,238.0
2025-12-30T11:50:37.073914,10017.0,10021.0,10019.0,10017.0,10021.0,-0.4954,9,-89933.0,238.0
2025-12-30T11:50:37.386844,9982.0,9984.0,9983.0,9981.0,9985.0,0.2233,9,-89933.0,-86.0
2025-12-30T11:50:37.690146,10008.0,10012.0,10010.0,10008.0,10012.0,0.2521,9,-89933.0,157.0
2025-12-30T11:50:38.004961,9984.0,9988.0,9986.0,9984.0,9988.0,0.4338,9,-89933.0,-59.0
2025-12-30T11:50:38.307387,9989.0,9993.0,9991.0,9989.0,9993.0,-0.1546,9,-89933.0,-14.0
2025-12-30T11:50:38.609117,10005.0,10007.0,10006.0,10004.0,10008.0,-0.2357,9,-89933.0,121.0
2025-12-30T11:50:38.910642,9982.0,9984.0,9983.0,9981.0,9985.0,0.0414,9,-89933.0,-86.0
2025-12-30T11:50:39.210744,9995.0,9997.0,9996.0,9994.0,9998.0,0.1275,9,-89933.0,31.0
2025-12-30T11:50:39.518399,9994.0,9996.0,9995.0,9993.0,9997.0,-0.3115,9,-89933.0,22.0
2025-12-30T11:50:39.827952,10006.0,10010.0,10008.0,10006.0,10010.0,-0.5413,9,-89933.0,139.0
2025-12-30T11:50:40.135899,10016.0,10018.0,10017.0,10015.0,10019.0,-0.1277,9,-89933.0,220.0
2025-12-30T11:50:40.451705,9990.0,9992.0,9991.0,9989.0,9993.0,-0.0738,9,-89933.0,-14.0
2025-12-30T11:50:40.752038,9996.0,10000.0,9998.0,9996.0,10000.0,-0.073,10,-99929.0,51.0
2025-12-30T11:50:41.058771,10013.0,10015.0,10014.0,10012.0,10016.0,-0.2362,10,-99929.0,211.0
2025-12-30T11:50:41.366737,9984.0,9986.0,9985.0,9983.0,9987.0,0.2508,10,-99929.0,-79.0
2025-12-30T11:50:41.669295,10014.0,10018.0,10016.0,10014.0,10018.0,0.3125,10,-99929.0,231.0
2025-12-30T11:50:41.982914,9983.0,9987.0,9985.0,9983.0,9987.0,0.3684,10,-99929.0,-79.0
2025-12-30T11:50:42.285483,9998.0,10000.0,9999.0,9997.0,10001.0,0.1701,10,-99929.0,61.0
2025-12-30T11:50:42.601550,9980.0,9984.0,9982.0,9980.0,9984.0,-0.1062,9,-89945.0,-107.0
2025-12-30T11:50:42.917495,9990.0,9994.0,9992.0,9990.0,9994.0,-0.2331,10,-99935.0,-15.0
2025-12-30T11:50:43.229042,10008.0,10012.0,10010.0,10008.0,10012.0,0.0897,10,-99935.0,165.0
2025-12-30T11:50:43.530378,10018.0,10022.0,10020.0,10018.0,10022.0,-0.0542,10,-99935.0,265.0
2025-12-30T11:50:43.842052,9989.0,9991.0,9990.0,9988.0,9992.0,0.196,10,-99935.0,-35.0
2025-12-30T11:50:44.147586,10011.0,10015.0,10013.0,10011.0,10015.0,0.4688,10,-99935.0,195.0
2025-12-30T11:50:44.449851,10015.0,10019.0,10017.0,10015.0,10019.0,0.2322,10,-99935.0,235.0
2025-12-30T11:50:44.761245,10009.0,10011.0,10010.0,10008.0,10012.0,0.1048,10,-99935.0,165.0
2025-12-30T11:50:45.072990,9992.0,9996.0,9994.0,9992.0,9996.0,0.1562,10,-99935.0,5.0
2025-12-30T11:50:45.388190,10014.0,10018.0,10016.0,10014.0,10018.0,-0.225,10,-99935.0,225.0
2025-12-30T11:50:45.698960,10019.0,10021.0,10020.0,10018.0,10022.0,-0.2871,10,-99935.0,265.0
2025-12-30T11:50:46.000993,9997.0,10001.0,9999.0,9997.0,10001.0,0.3246,10,-99935.0,55.0
2025-12-30T11:50:46.301137,9993.0,9997.0,9995.0,9993.0,9997.0,-0.1547,10,-99935.0,15.0
2025-12-30T11:50:46.604028,9994.0,9996.0,9995.0,9993.0,9997.0,0.0404,10,-99935.0,15.0
2025-12-30T11:50:46.916322,9980.0,9984.0,9982.0,9980.0,9984.0,0.1288,10,-99935.0,-115.0
2025-12-30T11:50:47.221826,10012.0,10016.0,10014.0,10012.0,10016.0,-0.4652,10,-99935.0,205.0
2025-12-30T11:50:47.522708,10017.0,10019.0,10018.0,10016.0,10020.0,-0.1479,10,-99935.0,245.0
2025-12-30T11:50:47.824168,9990.0,9994.0,9992.0,9990.0,9994.0,0.4586,10,-99935.0,-15.0
2025-12-30T11:50:48.124769,9999.0,10003.0,10001.0,9999.0,10003.0,0.1508,10,-99935.0,75.0
2025-12-30T11:50:48.427105,10008.0,10012.0,10010.0,10008.0,10012.0,0.4697,10,-99935.0,165.0
2025-12-30T11:50:48.739576,10007.0,10011.0,10009.0,10007.0,10011.0,0.1895,10,-99935.0,155.0
2025-12-30T11:50:49.043847,9989.0,9991.0,9990.0,9988.0,9992.0,-0.1404,10,-99935.0,-35.0
2025-12-30T11:50:49.356032,10001.0,10003.0,10002.0,10000.0,10004.0,0.1051,10,-99935.0,85.0
2025-12-30T11:50:49.668869,10009.0,10011.0,10010.0,10008.0,10012.0,-0.3357,10,-99935.0,165.0
2025-12-30T11:50:49.978695,9979.0,9983.0,9981.0,9979.0,9983.0,-0.1605,10,-99935.0,-125.0
2025-12-30T11:50:50.289103,9999.0,10003.0,10001.0,9999.0,10003.0,0.093,10,-99935.0,75.0
2025-12-30T11:50:50.592166,9982.0,9986.0,9984.0,9982.0,9986.0,0.2028,10,-99935.0,-95.0
2025-12-30T11:50:50.903042,10017.0,10019.0,10018.0,10016.0,10020.0,-0.3039,10,-99935.0,245.0
2025-12-30T11:50:51.209634,9995.0,9997.0,9996.0,9994.0,9998.0,-0.1803,10,-99935.0,25.0
2025-12-30T11:50:51.514136,9993.0,9997.0,9995.0,9993.0,9997.0,-0.413,9,-89938.0,17.0
2025-12-30T11:50:51.819994,10008.0,10012.0,10010.0,10008.0,10012.0,0.3358,9,-89938.0,152.0
2025-12-30T11:50:52.120590,9992.0,9996.0,9994.0,9992.0,9996.0,0.3723,10,-99930.0,10.0
2025-12-30T11:50:52.435745,10016.0,10020.0,10018.0,10016.0,10020.0,0.379,10,-99930.0,250.0
2025-12-30T11:50:52.748080,9997.0,10001.0,9999.0,9997.0,10001.0,0.0578,10,-99930.0,60.0
2025-12-30T11:50:53.059525,9997.0,10001.0,9999.0,9997.0,10001.0,-0.2249,10,-99930.0,60.0
2025-12-30T11:50:53.371104,10002.0,10006.0,10004.0,10002.0,10006.0,0.314,10,-99930.0,110.0
2025-12-30T11:50:53.683768,9980.0,9984.0,9982.0,9980.0,9984.0,0.1983,10,-99930.0,-110.0
2025-12-30T11:50:53.999032,9996.0,10000.0,9998.0,9996.0,10000.0,0.1536,10,-99930.0,50.0
2025-12-30T11:50:54.305533,9991.0,9995.0,9993.0,9991.0,9995.0,0.032,10,-99930.0,0.0
2025-12-30T11:50:54.611740,9994.0,9996.0,9995.0,9993.0,9997.0,0.2291,10,-99930.0,20.0
2025-12-30T11:50:54.944352,9995.0,9997.0,9996.0,9994.0,9998.0,-0.3785,10,-99930.0,30.0
2025-12-30T11:50:55.246962,9990.0,9992.0,9991.0,9989.0,9993.0,-0.0476,10,-99930.0,-20.0
2025-12-30T11:50:55.547981,10015.0,10019.0,10017.0,10015.0,10019.0,0.2483,10,-99930.0,240.0
2025-12-30T11:50:55.852595,10005.0,10007.0,10006.0,10004.0,10008.0,-0.1519,10,-99930.0,130.0
2025-12-30T11:50:56.162330,9982.0,9984.0,9983.0,9981.0,9985.0,-0.1954,10,-99930.0,-100.0
2025-12-30T11:50:56.463139,9980.0,9982.0,9981.0,9979.0,9983.0,0.2028,10,-99930.0,-120.0
2025-12-30T11:50:56.768498,10002.0,10004.0,10003.0,10001.0,10005.0,0.3684,10,-99930.0,100.0
2025-12-30T11:50:57.078321,10008.0,10010.0,10009.0,10007.0,10011.0,-0.4286,10,-99930.0,160.0
2025-12-30T11:50:57.379472,10012.0,10016.0,10014.0,10012.0,10016.0,-0.0172,10,-99930.0,210.0
2025-12-30T11:50:57.690088,10006.0,10008.0,10007.0,10005.0,10009.0,-0.0249,10,-99930.0,140.0
2025-12-30T11:50:57.998452,9999.0,10001.0,10000.0,9998.0,10002.0,0.1706,10,-99930.0,70.0
2025-12-30T11:50:58.303195,10005.0,10009.0,10007.0,10005.0,10009.0,-0.087,10,-99930.0,140.0
2025-12-30T11:50:58.610200,9988.0,9992.0,9990.0,9988.0,9992.0,-0.5738,10,-99930.0,-30.0
2025-12-30T11:50:58.919379,10010.0,10012.0,10011.0,10009.0,10013.0,-0.2368,10,-99930.0,180.0
2025-12-30T11:50:59.232239,9987.0,9989.0,9988.0,9986.0,9990.0,-0.3699,10,-99930.0,-50.0
2025-12-30T11:50:59.544316,9987.0,9989.0,9988.0,9986.0,9990.0,-0.0679,10,-99930.0,-50.0
2025-12-30T11:50:59.854074,9993.0,9997.0,9995.0,9993.0,9997.0,-0.2901,10,-99930.0,20.0
2025-12-30T11:51:00.182547,10011.0,10015.0,10013.0,10011.0,10015.0,-0.1085,9,-89915.0,202.0
2025-12-30T11:51:00.497381,9994.0,9998.0,9996.0,9994.0,9998.0,-0.0406,9,-89915.0,49.0
2025-12-30T11:51:00.812194,9980.0,9984.0,9982.0,9980.0,9984.0,-0.089,9,-89915.0,-77.0
2025-12-30T11:51:01.126122,9982.0,9984.0,9983.0,9981.0,9985.0,0.3591,9,-89915.0,-68.0
2025-12-30T11:51:01.430710,10009.0,10013.0,10011.0,10009.0,10013.0,0.3074,9,-89915.0,184.0
2025-12-30T11:51:01.746346,9981.0,9985.0,9983.0,9981.0,9985.0,0.3448,9,-89915.0,-68.0
2025-12-30T11:51:02.058800,10009.0,10011.0,10010.0,10008.0,10012.0,0.4182,9,-89915.0,175.0
2025-12-30T11:51:02.371584,10016.0,10018.0,10017.0,10015.0,10019.0,0.1574,9,-89915.0,238.0
2025-12-30T11:51:02.674953,10006.0,10010.0,10008.0,10006.0,10010.0,0.0351,10,-99921.0,159.0
2025-12-30T11:51:02.978093,9993.0,9997.0,9995.0,9993.0,9997.0,0.1345,10,-99921.0,29.0
2025-12-30T11:51:03.282799,9994.0,9998.0,9996.0,9994.0,9998.0,-0.4667,10,-99921.0,39.0
2025-12-30T11:51:03.589258,9987.0,9989.0,9988.0,9986.0,9990.0,-0.2513,10,-99921.0,-41.0
2025-12-30T11:51:03.892943,9989.0,9991.0,9990.0,9988.0,9992.0,-0.0105,10,-99921.0,-21.0
2025-12-30T11:51:04.208782,9992.0,9996.0,9994.0,9992.0,9996.0,0.0857,10,-99921.0,19.0
2025-12-30T11:51:04.519580,10006.0,10010.0,10008.0,10006.0,10010.0,-0.105,10,-99921.0,159.0
2025-12-30T11:51:04.830250,9982.0,9986.0,9984.0,9982.0,9986.0,0.0159,10,-99921.0,-81.0
2025-12-30T11:51:05.140976,9990.0,9992.0,9991.0,9989.0,9993.0,0.552,10,-99921.0,-11.0
2025-12-30T11:51:05.444233,10011.0,10013.0,10012.0,10010.0,10014.0,-0.0032,10,-99921.0,199.0
2025-12-30T11:51:05.748413,9989.0,9991.0,9990.0,9988.0,9992.0,0.0805,10,-99921.0,-21.0
2025-12-30T11:51:06.063956,9987.0,9991.0,9989.0,9987.0,9991.0,0.1091,10,-99921.0,-31.0
2025-12-30T11:51:06.366194,9987.0,9989.0,9988.0,9986.0,9990.0,0.0089,10,-99921.0,-41.0
2025-12-30T11:51:06.667831,9997.0,10001.0,9999.0,9997.0,10001.0,0.4513,10,-99921.0,69.0
2025-12-30T11:51:06.975041,9989.0,9991.0,9990.0,9988.0,9992.0,-0.3622,10,-99921.0,-21.0
2025-12-30T11:51:07.276982,10007.0,10011.0,10009.0,10007.0,10011.0,-0.1648,9,-89910.0,171.0
2025-12-30T11:51:07.579499,10015.0,10019.0,10017.0,10015.0,10019.0,0.4852,10,-99925.0,245.0
2025-12-30T11:51:07.881111,10009.0,10013.0,10011.0,10009.0,10013.0,0.0882,10,-99925.0,185.0
2025-12-30T11:51:08.190595,10014.0,10016.0,10015.0,10013.0,10017.0,0.1518,10,-99925.0,225.0
2025-12-30T11:51:08.503776,9983.0,9985.0,9984.0,9982.0,9986.0,0.016,10,-99925.0,-85.0
2025-12-30T11:51:08.813330,9994.0,9996.0,9995.0,9993.0,9997.0,-0.236,10,-99925.0,25.0
2025-12-30T11:51:09.125279,10008.0,10010.0,10009.0,10007.0,10011.0,-0.4211,10,-99925.0,165.0
2025-12-30T11:51:09.432604,9984.0,9986.0,9985.0,9983.0,9987.0,0.2746,10,-99925.0,-75.0
2025-12-30T11:51:09.747606,9984.0,9988.0,9986.0,9984.0,9988.0,-0.0849,9,-89937.0,-63.0
2025-12-30T11:51:10.056867,10006.0,10010.0,10008.0,10006.0,10010.0,-0.1034,10,-99943.0,137.0
2025-12-30T11:51:10.356992,9997.0,10001.0,9999.0,9997.0,10001.0,0.2313,9,-89942.0,49.0
2025-12-30T11:51:10.669846,9993.0,9995.0,9994.0,9992.0,9996.0,-0.4796,9,-89942.0,4.0
2025-12-30T11:51:10.970772,9995.0,9999.0,9997.0,9995.0,9999.0,0.0663,9,-89942.0,31.0
2025-12-30T11:51:11.277043,9983.0,9987.0,9985.0,9983.0,9987.0,-0.0505,9,-89942.0,-77.0
2025-12-30T11:51:11.590803,9986.0,9988.0,9987.0,9985.0,9989.0,-0.4623,9,-89942.0,-59.0
2025-12-30T11:51:11.901538,9990.0,9994.0,9992.0,9990.0,9994.0,0.5455,9,-89942.0,-14.0
2025-12-30T11:51:12.215993,9998.0,10000.0,9999.0,9997.0,10001.0,0.4667,9,-89942.0,49.0
2025-12-30T11:51:12.541940,9999.0,10001.0,10000.0,9998.0,10002.0,-0.0627,9,-89942.0,58.0
2025-12-30T11:51:12.855239,10010.0,10014.0,10012.0,10010.0,10014.0,0.2138,9,-89942.0,166.0
2025-12-30T11:51:13.170777,9990.0,9992.0,9991.0,9989.0,9993.0,0.3371,9,-89942.0,-23.0
2025-12-30T11:51:13.481561,9980.0,9982.0,9981.0,9979.0,9983.0,-0.31,9,-89942.0,-113.0
2025-12-30T11:51:13.786741,9980.0,9982.0,9981.0,9979.0,9983.0,-0.403,9,-89942.0,-113.0
2025-12-30T11:51:14.093039,10015.0,10019.0,10017.0,10015.0,10019.0,-0.3536,9,-89942.0,211.0
2025-12-30T11:51:14.395091,9986.0,9990.0,9988.0,9986.0,9990.0,-0.0385,9,-89942.0,-50.0
2025-12-30T11:51:14.697773,9995.0,9999.0,9997.0,9995.0,9999.0,0.1705,9,-89942.0,31.0
2025-12-30T11:51:15.006719,10018.0,10020.0,10019.0,10017.0,10021.0,0.2472,9,-89942.0,229.0
2025-12-30T11:51:15.310693,10012.0,10016.0,10014.0,10012.0,10016.0,-0.2851,9,-89942.0,184.0
2025-12-30T11:51:15.629608,10012.0,10014.0,10013.0,10011.0,10015.0,0.375,9,-89942.0,175.0
2025-12-30T11:51:15.934646,9999.0,10003.0,10001.0,9999.0,10003.0,0.0765,9,-89942.0,67.0
2025-12-30T11:51:16.246021,9986.0,9990.0,9988.0,9986.0,9990.0,-0.2288,10,-99928.0,-48.0
2025-12-30T11:51:16.559046,9994.0,9996.0,9995.0,9993.0,9997.0,0.1429,10,-99928.0,22.0
2025-12-30T11:51:16.866289,9994.0,9996.0,9995.0,9993.0,9997.0,0.115,10,-99928.0,22.0
2025-12-30T11:51:17.174492,9982.0,9986.0,9984.0,9982.0,9986.0,-0.0877,10,-99928.0,-88.0
2025-12-30T11:51:17.481539,10010.0,10012.0,10011.0,10009.0,10013.0,0.0818,10,-99928.0,182.0
2025-12-30T11:51:17.791331,9980.0,9984.0,9982.0,9980.0,9984.0,-0.0954,10,-99928.0,-108.0
2025-12-30T11:51:18.105189,9996.0,9998.0,9997.0,9995.0,9999.0,0.0352,10,-99928.0,42.0
2025-12-30T11:51:18.405912,9999.0,10001.0,10000.0,9998.0,10002.0,0.0846,10,-99928.0,72.0
2025-12-30T11:51:18.709739,10011.0,10015.0,10013.0,10011.0,10015.0,-0.256,10,-99928.0,202.0
2025-12-30T11:51:19.010027,9998.0,10002.0,10000.0,9998.0,10002.0,-0.2109,10,-99928.0,72.0
2025-12-30T11:51:19.313108,9982.0,9986.0,9984.0,9982.0,9986.0,0.0724,10,-99928.0,-88.0
2025-12-30T11:51:19.615082,9992.0,9996.0,9994.0,9992.0,9996.0,-0.1589,10,-99928.0,12.0
2025-12-30T11:51:19.920337,10016.0,10020.0,10018.0,10016.0,10020.0,0.0246,10,-99928.0,252.0
2025-12-30T11:51:20.228909,9981.0,9985.0,9983.0,9981.0,9985.0,-0.4954,10,-99928.0,-98.0
2025-12-30T11:51:20.538103,9978.0,9982.0,9980.0,9978.0,9982.0,0.0025,9,-89946.0,-126.0
2025-12-30T11:51:20.838954,10004.0,10006.0,10005.0,10003.0,10007.0,0.0838,9,-89946.0,99.0
2025-12-30T11:51:21.144588,9982.0,9984.0,9983.0,9981.0,9985.0,-0.0753,9,-89946.0,-99.0
2025-12-30T11:51:21.447484,10009.0,10011.0,10010.0,10008.0,10012.0,0.2208,9,-89946.0,144.0
2025-12-30T11:51:21.751827,10011.0,10015.0,10013.0,10011.0,10015.0,-0.0216,9,-89946.0,171.0
2025-12-30T11:51:22.056268,9998.0,10002.0,10000.0,9998.0,10002.0,-0.4493,9,-89946.0,54.0
2025-12-30T11:51:22.370483,10009.0,10011.0,10010.0,10008.0,10012.0,0.1368,9,-89946.0,144.0
2025-12-30T11:51:22.683464,9998.0,10002.0,10000.0,9998.0,10002.0,0.1837,10,-99944.0,56.0
2025-12-30T11:51:22.990025,10002.0,10004.0,10003.0,10001.0,10005.0,0.0226,10,-99944.0,86.0
2025-12-30T11:51:23.299803,10012.0,10014.0,10013.0,10011.0,10015.0,-0.1677,10,-99944.0,186.0
2025-12-30T11:51:23.603437,9990.0,9992.0,9991.0,9989.0,9993.0,0.5516,10,-99944.0,-34.0
2025-12-30T11:51:23.903594,10016.0,10018.0,10017.0,10015.0,10019.0,-0.2274,10,-99944.0,226.0
2025-12-30T11:51:24.209630,10011.0,10015.0,10013.0,10011.0,10015.0,-0.0072,10,-99944.0,186.0
2025-12-30T11:51:24.512422,10015.0,10019.0,10017.0,10015.0,10019.0,0.19,10,-99944.0,226.0
2025-12-30T11:51:24.822048,9981.0,9985.0,9983.0,9981.0,9985.0,-0.3027,10,-99944.0,-114.0
2025-12-30T11:51:25.125450,9984.0,9986.0,9985.0,9983.0,9987.0,-0.2891,10,-99944.0,-94.0
2025-12-30T11:51:25.431137,10012.0,10016.0,10014.0,10012.0,10016.0,0.1533,10,-99944.0,196.0
2025-12-30T11:51:25.732518,10012.0,10016.0,10014.0,10012.0,10016.0,0.4615,10,-99944.0,196.0
2025-12-30T11:51:26.050990,10004.0,10006.0,10005.0,10003.0,10007.0,0.23,10,-99944.0,106.0
2025-12-30T11:51:26.357418,9992.0,9994.0,9993.0,9991.0,9995.0,-0.1169,10,-99944.0,-14.0
2025-12-30T11:51:26.668634,9984.0,9986.0,9985.0,9983.0,9987.0,0.0047,10,-99944.0,-94.0
2025-12-30T11:51:26.973890,10014.0,10018.0,10016.0,10014.0,10018.0,0.3504,10,-99944.0,216.0
2025-12-30T11:51:27.282830,9979.0,9981.0,9980.0,9978.0,9982.0,0.0,10,-99944.0,-144.0
2025-12-30T11:51:27.583990,9980.0,9984.0,9982.0,9980.0,9984.0,-0.1913,10,-99944.0,-124.0
2025-12-30T11:51:27.894959,9988.0,9992.0,9990.0,9988.0,9992.0,-0.1111,10,-99944.0,-44.0
2025-12-30T11:51:28.201674,10005.0,10007.0,10006.0,10004.0,10008.0,0.4174,10,-99944.0,116.0
2025-12-30T11:51:28.511457,9981.0,9985.0,9983.0,9981.0,9985.0,-0.2,10,-99944.0,-114.0
2025-12-30T11:51:28.813591,10011.0,10015.0,10013.0,10011.0,10015.0,0.3036,10,-99944.0,186.0
2025-12-30T11:51:29.117955,9986.0,9988.0,9987.0,9985.0,9989.0,-0.2649,10,-99944.0,-74.0
2025-12-30T11:51:29.419138,9987.0,9989.0,9988.0,9986.0,9990.0,-0.5857,10,-99944.0,-64.0
2025-12-30T11:51:29.729988,10003.0,10007.0,10005.0,10003.0,10007.0,0.5312,9,-89937.0,108.0
2025-12-30T11:51:30.031088,9979.0,9983.0,9981.0,9979.0,9983.0,-0.0805,10,-99916.0,-106.0
2025-12-30T11:51:30.333071,9995.0,9997.0,9996.0,9994.0,9998.0,0.0455,10,-99916.0,44.0
2025-12-30T11:51:30.633580,10016.0,10018.0,10017.0,10015.0,10019.0,0.1442,10,-99916.0,254.0
2025-12-30T11:51:30.935206,10018.0,10020.0,10019.0,10017.0,10021.0,0.3401,10,-99916.0,274.0
2025-12-30T11:51:31.237292,9994.0,9998.0,9996.0,9994.0,9998.0,-0.2871,10,-99916.0,44.0
2025-12-30T11:51:31.548093,10018.0,10022.0,10020.0,10018.0,10022.0,0.0263,10,-99916.0,284.0
2025-12-30T11:51:31.854924,10004.0,10008.0,10006.0,10004.0,10008.0,-0.2686,10,-99916.0,144.0
2025-12-30T11:51:32.169345,9992.0,9994.0,9993.0,9991.0,9995.0,-0.1802,10,-99916.0,14.0
2025-12-30T11:51:32.471540,9991.0,9995.0,9993.0,9991.0,9995.0,-0.043,10,-99916.0,14.0
2025-12-30T11:51:32.778592,10004.0,10006.0,10005.0,10003.0,10007.0,-0.102,10,-99916.0,134.0
2025-12-30T11:51:33.081449,9992.0,9996.0,9994.0,9992.0,9996.0,0.0388,10,-99916.0,24.0
2025-12-30T11:51:33.396315,9986.0,9990.0,9988.0,9986.0,9990.0,-0.0136,10,-99916.0,-36.0
2025-12-30T11:51:33.700268,9982.0,9986.0,9984.0,9982.0,9986.0,-0.004,10,-99916.0,-76.0
2025-12-30T11:51:34.006004,9998.0,10002.0,10000.0,9998.0,10002.0,0.4477,10,-99916.0,84.0
2025-12-30T11:51:34.306066,10014.0,10018.0,10016.0,10014.0,10018.0,-0.0426,10,-99916.0,244.0
2025-12-30T11:51:34.607076,10015.0,10017.0,10016.0,10014.0,10018.0,-0.2027,10,-99916.0,244.0
2025-12-30T11:51:34.910500,9987.0,9991.0,9989.0,9987.0,9991.0,-0.1519,10,-99916.0,-26.0
2025-12-30T11:51:35.214117,10007.0,10009.0,10008.0,10006.0,10010.0,-0.0576,10,-99916.0,164.0
2025-12-30T11:51:35.527243,10003.0,10007.0,10005.0,10003.0,10007.0,-0.2093,10,-99916.0,134.0
2025-12-30T11:51:35.839999,10005.0,10007.0,10006.0,10004.0,10008.0,0.0763,10,-99916.0,144.0
2025-12-30T11:51:36.140039,9993.0,9997.0,9995.0,9993.0,9997.0,-0.2892,10,-99916.0,34.0
2025-12-30T11:51:36.441470,9984.0,9986.0,9985.0,9983.0,9987.0,0.1915,10,-99916.0,-66.0
2025-12-30T11:51:36.743174,9998.0,10000.0,9999.0,9997.0,10001.0,-0.1507,10,-99916.0,74.0
2025-12-30T11:51:37.047091,10005.0,10007.0,10006.0,10004.0,10008.0,0.0726,10,-99916.0,144.0
2025-12-30T11:51:37.352624,9993.0,9995.0,9994.0,9992.0,9996.0,-0.0671,10,-99916.0,24.0
2025-12-30T11:51:37.662342,10019.0,10021.0,10020.0,10018.0,10022.0,-0.3671,10,-99916.0,284.0
2025-12-30T11:51:37.971213,9996.0,9998.0,9997.0,9995.0,9999.0,-0.162,10,-99916.0,54.0
2025-12-30T11:51:38.271359,9997.0,10001.0,9999.0,9997.0,10001.0,0.4545,10,-99916.0,74.0
2025-12-30T11:51:38.574365,9998.0,10000.0,9999.0,9997.0,10001.0,0.1119,10,-99916.0,74.0
2025-12-30T11:51:38.886077,10005.0,10007.0,10006.0,10004.0,10008.0,-0.2283,10,-99916.0,144.0
2025-12-30T11:51:39.200750,9994.0,9996.0,9995.0,9993.0,9997.0,-0.0426,10,-99916.0,34.0
2025-12-30T11:51:39.509190,9989.0,9991.0,9990.0,9988.0,9992.0,0.3285,10,-99916.0,-16.0
2025-12-30T11:51:39.824616,10006.0,10010.0,10008.0,10006.0,10010.0,-0.0674,10,-99916.0,164.0
2025-12-30T11:51:40.139098,10011.0,10015.0,10013.0,10011.0,10015.0,0.1101,10,-99916.0,214.0
2025-12-30T11:51:40.449534,9978.0,9982.0,9980.0,9978.0,9982.0,0.2519,10,-99916.0,-116.0
2025-12-30T11:51:40.751245,9989.0,9993.0,9991.0,9989.0,9993.0,-0.2333,10,-99916.0,-6.0
2025-12-30T11:51:41.058266,10003.0,10007.0,10005.0,10003.0,10007.0,-0.375,10,-99916.0,134.0
2025-12-30T11:51:41.362979,10010.0,10012.0,10011.0,10009.0,10013.0,-0.1524,10,-99916.0,194.0
2025-12-30T11:51:41.667311,10005.0,10007.0,10006.0,10004.0,10008.0,-0.0375,10,-99916.0,144.0
2025-12-30T11:51:41.979974,10010.0,10014.0,10012.0,10010.0,10014.0,-0.4941,10,-99916.0,204.0
2025-12-30T11:51:42.283759,9979.0,9983.0,9981.0,9979.0,9983.0,0.0455,9,-89933.0,-104.0
2025-12-30T11:51:42.604853,9993.0,9995.0,9994.0,9992.0,9996.0,0.0661,9,-89933.0,13.0
2025-12-30T11:51:42.905152,10013.0,10017.0,10015.0,10013.0,10017.0,-0.3043,9,-89933.0,202.0
2025-12-30T11:51:43.216776,9987.0,9991.0,9989.0,9987.0,9991.0,-0.3814,9,-89933.0,-32.0
2025-12-30T11:51:43.528081,9983.0,9985.0,9984.0,9982.0,9986.0,-0.1649,9,-89933.0,-77.0
2025-12-30T11:51:43.833614,10014.0,10018.0,10016.0,10014.0,10018.0,-0.1187,10,-99947.0,213.0
2025-12-30T11:51:44.144484,10000.0,10002.0,10001.0,9999.0,10003.0,0.1013,10,-99947.0,63.0
2025-12-30T11:51:44.463790,9994.0,9998.0,9996.0,9994.0,9998.0,0.019,10,-99947.0,13.0
2025-12-30T11:51:44.776830,9990.0,9992.0,9991.0,9989.0,9993.0,-0.4074,10,-99947.0,-37.0
2025-12-30T11:51:45.088475,9979.0,9981.0,9980.0,9978.0,9982.0,-0.1429,10,-99947.0,-147.0
2025-12-30T11:51:45.404965,9992.0,9994.0,9993.0,9991.0,9995.0,-0.0548,10,-99947.0,-17.0
2025-12-30T11:51:45.711937,10015.0,10017.0,10016.0,10014.0,10018.0,0.134,10,-99947.0,213.0
2025-12-30T11:51:46.028020,9992.0,9994.0,9993.0,9991.0,9995.0,-0.0504,10,-99947.0,-17.0
2025-12-30T11:51:46.338886,10017.0,10021.0,10019.0,10017.0,10021.0,0.2405,10,-99947.0,243.0
2025-12-30T11:51:46.645901,9994.0,9996.0,9995.0,9993.0,9997.0,-0.0512,10,-99947.0,3.0
2025-12-30T11:51:46.950255,10001.0,10003.0,10002.0,10000.0,10004.0,-0.447,10,-99947.0,73.0
2025-12-30T11:51:47.263488,9995.0,9997.0,9996.0,9994.0,9998.0,-0.3403,10,-99947.0,13.0
2025-12-30T11:51:47.572678,9985.0,9989.0,9987.0,9985.0,9989.0,-0.3265,10,-99947.0,-77.0
2025-12-30T11:51:47.886886,10018.0,10020.0,10019.0,10017.0,10021.0,0.0387,10,-99947.0,243.0
2025-12-30T11:51:48.197916,10018.0,10020.0,10019.0,10017.0,10021.0,0.1591,10,-99947.0,243.0
2025-12-30T11:51:48.498118,10012.0,10016.0,10014.0,10012.0,10016.0,0.1977,10,-99947.0,193.0
2025-12-30T11:51:48.810545,9992.0,9996.0,9994.0,9992.0,9996.0,-0.4958,9,-89951.0,-5.0
2025-12-30T11:51:49.116186,10006.0,10008.0,10007.0,10005.0,10009.0,-0.2839,9,-89951.0,112.0
2025-12-30T11:51:49.421604,9989.0,9991.0,9990.0,9988.0,9992.0,0.0258,9,-89951.0,-41.0
2025-12-30T11:51:49.727041,10007.0,10009.0,10008.0,10006.0,10010.0,0.2903,9,-89951.0,121.0
2025-12-30T11:51:50.038119,9997.0,10001.0,9999.0,9997.0,10001.0,0.1719,9,-89951.0,40.0
2025-12-30T11:51:50.352248,10013.0,10015.0,10014.0,10012.0,10016.0,-0.3212,9,-89951.0,175.0
2025-12-30T11:51:50.666004,9986.0,9988.0,9987.0,9985.0,9989.0,0.0939,9,-89951.0,-68.0
2025-12-30T11:51:50.970965,10003.0,10007.0,10005.0,10003.0,10007.0,-0.2435,10,-99954.0,96.0
2025-12-30T11:51:51.274335,10003.0,10007.0,10005.0,10003.0,10007.0,-0.0852,10,-99954.0,96.0
2025-12-30T11:51:51.574971,9999.0,10003.0,10001.0,9999.0,10003.0,0.0774,10,-99954.0,56.0
2025-12-30T11:51:51.887388,10002.0,10006.0,10004.0,10002.0,10006.0,-0.2169,10,-99954.0,86.0
2025-12-30T11:51:52.202158,9997.0,10001.0,9999.0,9997.0,10001.0,0.5234,10,-99954.0,36.0
2025-12-30T11:51:52.515125,10014.0,10018.0,10016.0,10014.0,10018.0,0.1235,10,-99954.0,206.0
2025-12-30T11:51:52.817015,9995.0,9997.0,9996.0,9994.0,9998.0,-0.5161,10,-99954.0,6.0
2025-12-30T11:51:53.121391,9989.0,9993.0,9991.0,9989.0,9993.0,-0.1053,10,-99954.0,-44.0
2025-12-30T11:51:53.424122,9992.0,9994.0,9993.0,9991.0,9995.0,-0.2806,10,-99954.0,-24.0
2025-12-30T11:51:53.729420,10006.0,10010.0,10008.0,10006.0,10010.0,-0.2036,10,-99954.0,126.0
2025-12-30T11:51:54.031544,10011.0,10013.0,10012.0,10010.0,10014.0,0.1462,10,-99954.0,166.0
2025-12-30T11:51:54.332050,9993.0,9995.0,9994.0,9992.0,9996.0,0.1987,10,-99954.0,-14.0
2025-12-30T11:51:54.637469,9990.0,9994.0,9992.0,9990.0,9994.0,0.2322,10,-99954.0,-34.0
2025-12-30T11:51:54.954986,9988.0,9990.0,9989.0,9987.0,9991.0,-0.312,10,-99954.0,-64.0
2025-12-30T11:51:55.261026,10011.0,10015.0,10013.0,10011.0,10015.0,-0.1582,10,-99954.0,176.0
2025-12-30T11:51:55.566542,9981.0,9985.0,9983.0,9981.0,9985.0,-0.1193,10,-99954.0,-124.0
2025-12-30T11:51:55.873102,9991.0,9993.0,9992.0,9990.0,9994.0,-0.5261,10,-99954.0,-34.0
2025-12-30T11:51:56.177852,9986.0,9990.0,9988.0,9986.0,9990.0,0.0,10,-99954.0,-74.0
2025-12-30T11:51:56.481814,9981.0,9983.0,9982.0,9980.0,9984.0,0.0256,10,-99954.0,-134.0
2025-12-30T11:51:56.788024,9984.0,9986.0,9985.0,9983.0,9987.0,-0.1748,10,-99954.0,-104.0
2025-12-30T11:51:57.094247,9988.0,9990.0,9989.0,9987.0,9991.0,-0.259,10,-99954.0,-64.0
2025-12-30T11:51:57.400480,9991.0,9995.0,9993.0,9991.0,9995.0,-0.1633,10,-99954.0,-24.0
2025-12-30T11:51:57.711515,10017.0,10021.0,10019.0,10017.0,10021.0,-0.3333,10,-99954.0,236.0
2025-12-30T11:51:58.016456,9997.0,10001.0,9999.0,9997.0,10001.0,0.0249,10,-99954.0,36.0
2025-12-30T11:51:58.323850,9998.0,10000.0,9999.0,9997.0,10001.0,-0.3814,10,-99954.0,36.0
2025-12-30T11:51:58.629196,9981.0,9983.0,9982.0,9980.0,9984.0,-0.2143,10,-99954.0,-134.0
2025-12-30T11:51:58.935204,10003.0,10005.0,10004.0,10002.0,10006.0,0.1931,10,-99954.0,86.0
2025-12-30T11:51:59.247687,10017.0,10019.0,10018.0,10016.0,10020.0,0.1045,10,-99954.0,226.0
2025-12-30T11:51:59.552937,9992.0,9994.0,9993.0,9991.0,9995.0,0.1429,10,-99954.0,-24.0
2025-12-30T11:51:59.867295,9985.0,9987.0,9986.0,9984.0,9988.0,-0.0094,10,-99954.0,-94.0
2025-12-30T11:52:00.169019,9999.0,10001.0,10000.0,9998.0,10002.0,0.3641,10,-99954.0,46.0
2025-12-30T11:52:00.476041,10001.0,10003.0,10002.0,10000.0,10004.0,0.1401,10,-99954.0,66.0
2025-12-30T11:52:00.791471,9980.0,9984.0,9982.0,9980.0,9984.0,0.0,10,-99954.0,-134.0
2025-12-30T11:52:01.093351,10000.0,10002.0,10001.0,9999.0,10003.0,0.2913,10,-99954.0,56.0
2025-12-30T11:52:01.398716,9996.0,10000.0,9998.0,9996.0,10000.0,0.1652,10,-99954.0,26.0
2025-12-30T11:52:01.699013,10004.0,10008.0,10006.0,10004.0,10008.0,0.4249,10,-99954.0,106.0
2025-12-30T11:52:02.002405,10019.0,10021.0,10020.0,10018.0,10022.0,-0.3111,10,-99954.0,246.0
2025-12-30T11:52:02.308455,9983.0,9987.0,9985.0,9983.0,9987.0,-0.25,10,-99954.0,-104.0
2025-12-30T11:52:02.612436,10008.0,10010.0,10009.0,10007.0,10011.0,0.0061,10,-99954.0,136.0
2025-12-30T11:52:02.914242,9995.0,9999.0,9997.0,9995.0,9999.0,0.2174,10,-99954.0,16.0
2025-12-30T11:52:03.219687,9988.0,9990.0,9989.0,9987.0,9991.0,0.1294,10,-99954.0,-64.0
2025-12-30T11:52:03.524113,10018.0,10022.0,10020.0,10018.0,10022.0,0.4937,10,-99954.0,246.0
2025-12-30T11:52:03.824841,10005.0,10009.0,10007.0,10005.0,10009.0,-0.0861,10,-99954.0,116.0
2025-12-30T11:52:04.128801,10011.0,10015.0,10013.0,10011.0,10015.0,0.186,9,-89939.0,178.0
2025-12-30T11:52:04.434712,10006.0,10008.0,10007.0,10005.0,10009.0,-0.0514,9,-89939.0,124.0
2025-12-30T11:52:04.738819,9990.0,9994.0,9992.0,9990.0,9994.0,-0.1609,9,-89939.0,-11.0
2025-12-30T11:52:05.039427,9981.0,9983.0,9982.0,9980.0,9984.0,0.0949,9,-89939.0,-101.0
2025-12-30T11:52:05.344005,9994.0,9998.0,9996.0,9994.0,9998.0,0.1627,9,-89939.0,25.0
2025-12-30T11:52:05.648929,9998.0,10002.0,10000.0,9998.0,10002.0,-0.0072,9,-89939.0,61.0
2025-12-30T11:52:05.955382,10018.0,10022.0,10020.0,10018.0,10022.0,0.3305,9,-89939.0,241.0
2025-12-30T11:52:06.256123,10005.0,10007.0,10006.0,10004.0,10008.0,-0.0656,9,-89939.0,115.0
2025-12-30T11:52:06.560007,9983.0,9985.0,9984.0,9982.0,9986.0,-0.1585,9,-89939.0,-83.0
2025-12-30T11:52:06.863060,9999.0,10003.0,10001.0,9999.0,10003.0,0.3365,9,-89939.0,70.0
2025-12-30T11:52:07.167985,9999.0,10003.0,10001.0,9999.0,10003.0,-0.1546,9,-89939.0,70.0
2025-12-30T11:52:07.478845,9981.0,9985.0,9983.0,9981.0,9985.0,0.0942,9,-89939.0,-92.0
2025-12-30T11:52:07.779945,10006.0,10010.0,10008.0,10006.0,10010.0,-0.0841,9,-89939.0,133.0
2025-12-30T11:52:08.080309,9993.0,9995.0,9994.0,9992.0,9996.0,-0.2375,9,-89939.0,7.0
2025-12-30T11:52:08.384035,10013.0,10017.0,10015.0,10013.0,10017.0,-0.4118,9,-89939.0,196.0
2025-12-30T11:52:08.689650,9983.0,9987.0,9985.0,9983.0,9987.0,-0.3448,10,-99922.0,-72.0
2025-12-30T11:52:08.994425,10009.0,10013.0,10011.0,10009.0,10013.0,0.0794,10,-99922.0,188.0
2025-12-30T11:52:09.306266,10012.0,10014.0,10013.0,10011.0,10015.0,-0.2841,10,-99922.0,208.0
2025-12-30T11:52:09.612162,10010.0,10012.0,10011.0,10009.0,10013.0,0.4428,10,-99922.0,188.0
2025-12-30T11:52:09.912270,10006.0,10008.0,10007.0,10005.0,10009.0,-0.2547,10,-99922.0,148.0
2025-12-30T11:52:10.216589,10018.0,10022.0,10020.0,10018.0,10022.0,-0.3776,9,-89900.0,280.0
2025-12-30T11:52:10.529420,10013.0,10017.0,10015.0,10013.0,10017.0,-0.259,9,-89900.0,235.0
2025-12-30T11:52:10.835189,9985.0,9989.0,9987.0,9985.0,9989.0,0.0526,9,-89900.0,-17.0
2025-12-30T11:52:11.147325,9978.0,9982.0,9980.0,9978.0,9982.0,0.12,9,-89900.0,-80.0
2025-12-30T11:52:11.448291,9989.0,9993.0,9991.0,9989.0,9993.0,0.09,9,-89900.0,19.0
2025-12-30T11:52:11.753561,9995.0,9997.0,9996.0,9994.0,9998.0,0.0552,9,-89900.0,64.0
2025-12-30T11:52:12.063998,10018.0,10020.0,10019.0,10017.0,10021.0,0.2214,9,-89900.0,271.0
2025-12-30T11:52:12.371185,9986.0,9988.0,9987.0,9985.0,9989.0,0.0331,9,-89900.0,-17.0
2025-12-30T11:52:12.676049,9985.0,9987.0,9986.0,9984.0,9988.0,-0.0295,9,-89900.0,-26.0
2025-12-30T11:52:12.979919,9994.0,9998.0,9996.0,9994.0,9998.0,-0.0792,9,-89900.0,64.0
2025-12-30T11:52:13.285128,9980.0,9982.0,9981.0,9979.0,9983.0,0.3927,9,-89900.0,-71.0
2025-12-30T11:52:13.591159,10006.0,10010.0,10008.0,10006.0,10010.0,0.0,9,-89900.0,172.0
2025-12-30T11:52:13.899992,9990.0,9994.0,9992.0,9990.0,9994.0,-0.3014,9,-89900.0,28.0
2025-12-30T11:52:14.202900,9985.0,9987.0,9986.0,9984.0,9988.0,-0.4585,9,-89900.0,-26.0
2025-12-30T11:52:14.508812,10012.0,10016.0,10014.0,10012.0,10016.0,0.1525,9,-89900.0,226.0
2025-12-30T11:52:14.809046,9994.0,9996.0,9995.0,9993.0,9997.0,0.0689,9,-89900.0,55.0
2025-12-30T11:52:15.112328,10008.0,10010.0,10009.0,10007.0,10011.0,-0.268,9,-89900.0,181.0
2025-12-30T11:52:15.424804,9995.0,9997.0,9996.0,9994.0,9998.0,-0.0432,9,-89900.0,64.0
2025-12-30T11:52:15.728764,9979.0,9983.0,9981.0,9979.0,9983.0,-0.106,9,-89900.0,-71.0
2025-12-30T11:52:16.035833,9999.0,10003.0,10001.0,9999.0,10003.0,0.1452,9,-89900.0,109.0
2025-12-30T11:52:16.340798,9981.0,9983.0,9982.0,9980.0,9984.0,-0.4,9,-89900.0,-62.0
2025-12-30T11:52:16.645601,10009.0,10013.0,10011.0,10009.0,10013.0,-0.5556,9,-89900.0,199.0
2025-12-30T11:52:16.951490,10010.0,10012.0,10011.0,10009.0,10013.0,-0.4419,9,-89900.0,199.0
2025-12-30T11:52:17.271103,9981.0,9985.0,9983.0,9981.0,9985.0,0.2587,9,-89900.0,-53.0
2025-12-30T11:52:17.577279,9984.0,9988.0,9986.0,9984.0,9988.0,-0.0661,9,-89900.0,-26.0
2025-12-30T11:52:17.888702,10005.0,10007.0,10006.0,10004.0,10008.0,-0.3039,9,-89900.0,154.0
2025-12-30T11:52:18.202718,10009.0,10011.0,10010.0,10008.0,10012.0,0.3776,9,-89900.0,190.0
2025-12-30T11:52:18.510272,10014.0,10016.0,10015.0,10013.0,10017.0,0.0408,9,-89900.0,235.0
2025-12-30T11:52:18.826090,10005.0,10009.0,10007.0,10005.0,10009.0,-0.3128,9,-89900.0,163.0
2025-12-30T11:52:19.133732,10017.0,10021.0,10019.0,10017.0,10021.0,-0.4653,9,-89900.0,271.0
2025-12-30T11:52:19.440708,10006.0,10008.0,10007.0,10005.0,10009.0,-0.0677,9,-89900.0,163.0
2025-12-30T11:52:19.743256,10008.0,10012.0,10010.0,10008.0,10012.0,-0.1584,10,-99908.0,192.0
2025-12-30T11:52:20.057851,9986.0,9990.0,9988.0,9986.0,9990.0,0.2841,10,-99908.0,-28.0
2025-12-30T11:52:20.375270,9984.0,9988.0,9986.0,9984.0,9988.0,0.346,9,-89920.0,-46.0
2025-12-30T11:52:20.681591,9998.0,10000.0,9999.0,9997.0,10001.0,-0.2177,9,-89920.0,71.0
2025-12-30T11:52:20.981816,9987.0,9989.0,9988.0,9986.0,9990.0,-0.25,9,-89920.0,-28.0
2025-12-30T11:52:21.283822,9985.0,9989.0,9987.0,9985.0,9989.0,0.0561,9,-89920.0,-37.0
2025-12-30T11:52:21.596005,10001.0,10005.0,10003.0,10001.0,10005.0,-0.008,9,-89920.0,107.0
2025-12-30T11:52:21.896642,10008.0,10010.0,10009.0,10007.0,10011.0,0.4271,9,-89920.0,161.0
2025-12-30T11:52:22.217688,10009.0,10011.0,10010.0,10008.0,10012.0,0.3363,9,-89920.0,170.0
2025-12-30T11:52:22.529749,9979.0,9981.0,9980.0,9978.0,9982.0,-0.4222,9,-89920.0,-100.0
2025-12-30T11:52:22.832674,10001.0,10005.0,10003.0,10001.0,10005.0,0.038,9,-89920.0,107.0
2025-12-30T11:52:23.139489,10005.0,10009.0,10007.0,10005.0,10009.0,-0.3647,9,-89920.0,143.0
2025-12-30T11:52:23.451827,9988.0,9990.0,9989.0,9987.0,9991.0,0.0674,9,-89920.0,-19.0
2025-12-30T11:52:23.760509,10017.0,10021.0,10019.0,10017.0,10021.0,0.1333,9,-89920.0,251.0
2025-12-30T11:52:24.074895,10001.0,10005.0,10003.0,10001.0,10005.0,-0.0743,9,-89920.0,107.0
2025-12-30T11:52:24.404511,10015.0,10019.0,10017.0,10015.0,10019.0,0.1458,9,-89920.0,233.0
2025-12-30T11:52:24.707714,9984.0,9988.0,9986.0,9984.0,9988.0,-0.245,9,-89920.0,-46.0
2025-12-30T11:52:25.010524,9983.0,9985.0,9984.0,9982.0,9986.0,0.15,9,-89920.0,-64.0
2025-12-30T11:52:25.320236,9996.0,10000.0,9998.0,9996.0,10000.0,0.0794,9,-89920.0,62.0
2025-12-30T11:52:25.624029,10017.0,10021.0,10019.0,10017.0,10021.0,0.0734,9,-89920.0,251.0
2025-12-30T11:52:25.947239,9983.0,9987.0,9985.0,9983.0,9987.0,0.3431,9,-89920.0,-55.0
2025-12-30T11:52:26.250815,10016.0,10020.0,10018.0,10016.0,10020.0,-0.1257,9,-89920.0,242.0
2025-12-30T11:52:26.566548,9989.0,9991.0,9990.0,9988.0,9992.0,-0.0887,9,-89920.0,-10.0
2025-12-30T11:52:26.866724,9979.0,9983.0,9981.0,9979.0,9983.0,-0.128,9,-89920.0,-91.0
2025-12-30T11:52:27.180575,9979.0,9981.0,9980.0,9978.0,9982.0,0.2265,9,-89920.0,-100.0
